{"stats":{"minecraft:picked_up":{"minecraft:bamboo":10,"minecraft:sugar_cane":4},"minecraft:mined":{"minecraft:bamboo":1,"minecraft:sugar_cane":5},"minecraft:custom":{"minecraft:jump":101,"minecraft:time_since_rest":5431,"minecraft:damage_dealt":50,"minecraft:crouch_one_cm":736,"minecraft:walk_on_water_one_cm":1266,"minecraft:sprint_one_cm":6117,"minecraft:play_time":5431,"minecraft:damage_taken":20,"minecraft:time_since_death":5431,"minecraft:walk_one_cm":24540,"minecraft:sneak_time":390,"minecraft:total_world_time":5431,"minecraft:walk_under_water_one_cm":521,"minecraft:swim_one_cm":3283,"minecraft:fall_one_cm":1796,"minecraft:fly_one_cm":20503}},"DataVersion":4082}