{"stats":{"minecraft:picked_up":{"minecraft:sugar_cane":1},"minecraft:used":{"minecraft:sugar_cane":1},"minecraft:custom":{"minecraft:jump":105,"minecraft:time_since_rest":5325,"minecraft:damage_dealt":25,"minecraft:crouch_one_cm":110,"minecraft:walk_on_water_one_cm":974,"minecraft:sprint_one_cm":12697,"minecraft:play_time":5325,"minecraft:damage_taken":10,"minecraft:time_since_death":5325,"minecraft:walk_one_cm":10121,"minecraft:sneak_time":159,"minecraft:total_world_time":5325,"minecraft:walk_under_water_one_cm":586,"minecraft:swim_one_cm":263,"minecraft:fall_one_cm":2566,"minecraft:fly_one_cm":26859}},"DataVersion":4082}